type, cue, valid, stimulus, response, reaction time
1,1,1,1,1,0.71201
2,1,1,1,1,0.72874
2,1,-1,-1,0,0.00000
2,1,1,1,0,0.00000
1,-1,1,-1,0,0.00000
2,-1,1,-1,0,0.00000
1,-1,1,-1,0,0.00000
2,-1,1,-1,0,0.00000
1,1,-1,-1,0,0.00000
1,-1,1,-1,0,0.00000
2,-1,1,-1,0,0.00000
1,1,1,1,0,0.00000
1,1,1,1,0,0.00000
1,-1,1,-1,0,0.00000
1,-1,-1,1,0,0.00000
2,-1,1,-1,0,0.00000
2,1,-1,-1,0,0.00000
1,1,1,1,0,0.00000
2,1,1,1,0,0.00000
2,-1,1,-1,0,0.00000
