type, cue, valid, stimulus, response, reaction time
1,-1,1,-1,0,0.00000
2,-1,1,-1,0,0.00000
2,-1,-1,1,0,0.00000
1,1,1,1,1,0.38642
2,1,1,1,0,0.00000
1,-1,1,-1,1,0.20927
1,1,-1,-1,1,0.55156
2,1,1,1,1,0.88820
