type, cue, valid, stimulus, interval between cue and stimulus, response, reaction time
1,-1,1,-1,0,1,0.38498
2,-1,1,-1,0,1,0.00005
2,-1,1,-1,0,1,0.49997
2,1,1,1,0,1,0.34550
1,1,1,1,0,0,0.00000
1,-1,1,-1,1,1,0.29003
2,1,1,1,0,1,0.35980
1,1,1,1,1,1,0.37154
