type, cue, valid, stimulus, response, reaction time
1,-1,-1,1,0,0.00000
1,1,1,1,1,0.46029
2,1,-1,-1,1,0.83732
2,1,1,1,0,0.00000
2,-1,1,-1,0,0.00000
1,-1,1,-1,0,0.00000
1,1,1,1,0,0.00000
2,-1,1,-1,0,0.00000
