type, cue, valid, stimulus, interval between cue and stimulus, response, reaction time
1,1,-1,-1,0,0,0.00000
1,-1,1,-1,1,0,0.00000
2,1,1,1,0,0,0.00000
2,1,1,1,1,0,0.00000
2,-1,-1,1,0,0,0.00000
2,-1,1,-1,0,0,0.00000
1,-1,1,-1,0,0,0.00000
1,1,1,1,1,0,0.00000
