type, cue, valid, stimulus, response, reaction time
1,-1,1,-1,1,0.53384
2,-1,-1,1,1,0.00007
1,1,-1,-1,0,0.00000
1,-1,1,-1,0,0.00000
2,1,1,1,0,0.00000
2,1,1,1,1,0.26842
1,1,1,1,0,0.00000
2,-1,1,-1,0,0.00000
