type, cue, valid, stimulus, interval between cue and stimulus, response, reaction time
2,-1,1,-1,0,1,0.80983
1,1,1,1,0,1,1.63032
2,1,-1,-1,0,1,0.94566
2,-1,1,-1,0,1,0.03635
1,-1,1,-1,0,1,0.51670
2,1,1,1,1,1,0.43389
1,-1,-1,1,1,1,0.61088
1,1,1,1,1,1,0.35888
