type, cue, valid, stimulus, response, reaction time
2,1,1,1,1,0.41021
1,1,1,1,1,1.12922
1,-1,1,-1,1,0.73602
1,-1,-1,1,0,0.00000
2,-1,1,-1,0,0.00000
1,1,1,1,0,0.00000
2,1,-1,-1,0,0.00000
2,-1,1,-1,0,0.00000
