type, cue, valid, stimulus, response, reaction time
2,-1,1,-1,0,0.00000
1,-1,1,-1,0,0.00000
2,1,-1,-1,0,0.00000
2,-1,1,-1,1,0.32746
1,1,1,1,1,0.22163
1,-1,1,-1,1,0.25999
1,1,-1,-1,1,0.21019
2,1,1,1,1,0.44288
