type, cue, valid, stimulus, interval between cue and stimulus, response, reaction time
1,-1,1,-1,0,1,0.50676
1,1,1,1,1,1,0.27902
1,-1,1,-1,1,1,0.19503
2,1,1,1,0,1,0.00090
2,-1,1,-1,0,1,0.25386
2,1,1,1,0,1,0.24325
2,-1,1,-1,0,1,0.24087
1,1,1,1,0,1,0.18940
